2025-08-03T13:37:42.413Z,3d80a45c-0ba4-48f4-85a6-96561980cd82,125,557078f0b7f75f7b0439ad2fcfcfaddcb1bbd8a1d3b358017d65d3d9e312b2df
2025-08-03T13:38:11.849Z,3d80a45c-0ba4-48f4-85a6-96561980cd82,126,3bbfa9b737d8816d121a38a62125fecb7e5309e80dc556ebe99d67ad308c2b71
2025-08-03T13:38:41.788Z,3d80a45c-0ba4-48f4-85a6-96561980cd82,127,9364c33bf335865bca8e2fed83e51e8e4a5f94445e3211edec90b200a3ba93b9
2025-08-03T13:45:12.194Z,3d80a45c-0ba4-48f4-85a6-96561980cd82,128,ffee1972729e1b4af9ed1211bfb9ffded22f36ae07da894b1e61b0d24074d2db
2025-08-03T13:45:42.230Z,3d80a45c-0ba4-48f4-85a6-96561980cd82,129,e4d31a6981580300c7bd2912ba847a76aac176962a1bc0955f5d503748e3f387
2025-08-03T13:46:12.032Z,3d80a45c-0ba4-48f4-85a6-96561980cd82,130,4bb6d1fedc99bb10cf559e3e717a5977312890a15aec89ec2332710d07b511c7
2025-08-03T13:58:42.891Z,3d80a45c-0ba4-48f4-85a6-96561980cd82,131,b8b127fffaf4c02450adb9aedfbcc3f10f275545297592d2a48031d4c7223f3d
2025-08-03T13:59:12.852Z,3d80a45c-0ba4-48f4-85a6-96561980cd82,132,bc6b801cdf0715d879175661431008146db3b6956e89b870e607c6bed12ec606
2025-08-03T14:04:13.149Z,3d80a45c-0ba4-48f4-85a6-96561980cd82,133,f5967e1c1b37cc25333f20aac955fe854e84ef92c044c761f784ff4a5a7a67c5
2025-08-03T14:07:43.262Z,3d80a45c-0ba4-48f4-85a6-96561980cd82,134,548e933a8dca71f188728e0dadff03105787ea780641df03ff8937793cd51e92
2025-08-03T14:08:13.225Z,3d80a45c-0ba4-48f4-85a6-96561980cd82,135,084bbf3c7eb5bd4b94dbb5fa19116106ba6c7490e9e81b0d7f5423ef539e9e09
2025-08-03T14:08:43.217Z,3d80a45c-0ba4-48f4-85a6-96561980cd82,136,05be6419096a051b32f71dd14bf0297524d4cf39ab7057a45b902b69bdb28dd3
2025-08-03T18:43:55.822Z,dfdb7397-b0c3-4b98-bcb9-6647b75aec22,1,5c0692472716e95afe2abcbf9ecb922a600a657b47b32d2a2a9839ed3f8a2cce
2025-08-03T18:44:25.766Z,dfdb7397-b0c3-4b98-bcb9-6647b75aec22,2,ba9713cf5c8279f70956e0c67321e19b9e52fa609db416c1a277eb5767d4c3be
2025-08-03T18:44:55.509Z,dfdb7397-b0c3-4b98-bcb9-6647b75aec22,3,1553b8dcd2330295ac7454d719d9fa6afa6a030a3372d06289fc41189b90b135
2025-08-03T18:45:25.560Z,dfdb7397-b0c3-4b98-bcb9-6647b75aec22,4,e5ff45cf8427d4b3d2c94f316cad9c1cbe33b16682ed7d185e605ea310c35a42
2025-08-03T18:45:55.568Z,dfdb7397-b0c3-4b98-bcb9-6647b75aec22,5,5e7f0b9f1eefda861c23814363aee1497af523011c9ed67e9abc5a3a80172a54
2025-08-03T18:46:25.646Z,dfdb7397-b0c3-4b98-bcb9-6647b75aec22,6,0ebdadfdbccbbc87ef7bb7a6d0003db886a9873a14ce583dbd3b6b241b8fd421
2025-08-03T18:46:58.660Z,dfdb7397-b0c3-4b98-bcb9-6647b75aec22,7,46b7cacd155f39e2aab4d37de8a79b8a0c1fb5c8d80d04ef94990c29053f9c34
2025-08-03T18:47:25.945Z,dfdb7397-b0c3-4b98-bcb9-6647b75aec22,8,690b78603e1d282f66a9f121a22e2558d8d62d7457c3fe8d632beffd0411ecf9
2025-08-03T18:47:55.924Z,dfdb7397-b0c3-4b98-bcb9-6647b75aec22,9,118567dd727300780140c80a02eca1b2bf9165ca52b80f3e5c2467639594c8f2
2025-08-03T18:48:25.718Z,dfdb7397-b0c3-4b98-bcb9-6647b75aec22,10,7748dce6f00b6eccba3b50d0baeec97703203cef64fa99b8aff181a3498a97e9
2025-08-03T18:48:56.358Z,dfdb7397-b0c3-4b98-bcb9-6647b75aec22,11,a43f302bbf362a6c0da1e8a89c78fd5edbf229261e3026c8b5290960bb9f0cc3
2025-08-03T18:56:26.257Z,dfdb7397-b0c3-4b98-bcb9-6647b75aec22,12,c7cc291b76c11329f60ebc7c9a5c8d7ec25256d8eb4ff803728a6752d696e444
2025-08-03T19:50:56.158Z,89576abf-4c03-40ed-8220-0c11ac270264,1,f264190bed0c4cf8f67854a2c545f7f5fb73e4c374ce99054d0c512530185345
